AS21G;AKIŞ ŞALTERİ MUSLUK BAĞLANTILI;УНИВЕРСАЛЬНЫЙ ДАТЧИК ПРОТОКА (С ПОДПИТКОЙ) ;UNIVERSAL FLOW SWITCH;5663770 / 33900010 / R10022752 / 1.023015 / 1.023514 / 6FLUSSOS02;GTE;BAXI Energy Easy, Initia Master, Main, Main Digit / BERETTA Ciao / IMMERGAS Star, Victrix, Mini Special  / FONDITAL Victoria Compact  / NOVA FLORIDA Victoria Compact / WESTEN Quasar, Quasar Plus, Tekna Project / ALPHATHERM Sigma
AS21L;AKIŞ ŞALTERİ MUSLUK BAĞLANTILI;УНИВЕРСАЛЬНЫЙ ДАТЧИК ПРОТОКА (С ПОДПИТКОЙ) ;UNIVERSAL FLOW SWITCH;5663770 / 33900010 / R10022752 / 1.023015 / 1.023514 / 6FLUSSOS02;LDR;BAXI Energy Easy, Initia Master, Main, Main Digit / BERETTA Ciao / IMMERGAS Star, Victrix, Mini Special  / FONDITAL Victoria Compact  / NOVA FLORIDA Victoria Compact / WESTEN Quasar, Quasar Plus, Tekna Project / ALPHATHERM Sigma
AS22B;AKIŞ ŞALTERİ 1/2 REKORLU;УНИВЕРСАЛЬНЫЙ ДАТЧИК ПРОТОКА С МУФТОЙ 1/2;UNIVERSAL FLOW SWITCH;65100296 / 6FLUSSOS00 / 5667220 / R10022348 / 20069786 / 21000605000100 / 710228100;BITRON;FONDITAL / ALPHATHERM / BAXI / WESTEN / ARISTON / IMMERGAS / BERETTA / NEVA LUX
AS22G;AKIŞ ŞALTERİ 1/2 REKORLU;УНИВЕРСАЛЬНЫЙ ДАТЧИК ПРОТОКА С МУФТОЙ 1/2;UNIVERSAL FLOW SWITCH;65100296 / 6FLUSSOS00 / 5667220 / R10022348 / 20069786 / 21000605000100 / 710228100;GTE;FONDITAL / ALPHATHERM / BAXI / WESTEN / ARISTON / IMMERGAS / BERETTA / NEVA LUX
AS23B;İMMERGAZ AKIŞ ŞALTERİ;ДАТЧИК ПРОТОКА ДЛЯ IMMERGAS ;IMMERGAS FLOW SWITCH;1.028570 / 1.035365;BITRON;IMMERGAS Mini, Maior
AS23L;İMMERGAZ AKIŞ ŞALTERİ GEÇME PLASTİK ;ДАТЧИК ПРОТОКА ДЛЯ IMMERGAS ;IMMERGAS FLOW SWITCH;1.028570 / 1.035365;0;IMMERGAS Mini, Maior
AS24LB;AKIŞ ŞALTERİ YAYLI (BEYAZ OKUYUCU);УНИВЕРСАЛЬНЫЙ ДАТЧИК ПРОТОКА ПОД БЕЛЫЙ ДАТЧИК ХОЛЛА;UNIVERSAL FLOW SWITCH WITH SPRING FOR WHITE SENSOR;65100541 / 619050 ;LDR;ARISTON Microgenus / BAXI Eco 3, Energy, Initia / WESTEN Pulsar 
AS24LK;AKIŞ ŞALTERİ YAYLI (KIRMIZI OKUYUCU);УНИВЕРСАЛЬНЫЙ ДАТЧИК ПРОТОКА ПОД КРАСНЫЙ ДАТЧИК ХОЛЛА;UNIVERSAL FLOW SWITCH WITH SPRING FOR RED SENSOR;65100541 619050 ;LDR;ARISTON Microgenus / BAXI Eco 3, Energy, Initia / WESTEN Pulsar 
AS31E;FERROLİ AKIŞ ŞALTERİ;ДАТЧИК ПРОТОКА FERROLI;FERROLI FLOW SWITCH;39818552;ELTEK;FERROLI Divaproject, Arena, Domina, Diva, Divatech, Domiproject, FerEasy
AS31H;AKIŞ ŞALTERİ FERROLİ;ДАТЧИК ПРОТОКА FERROLI;FERROLI FLOW SWITCH;39818552;HUADI;FERROLI Divaproject, Arena, Domina, Diva, Divatech, Domiproject, FerEasy
AS40B;AKIŞ ŞALTERİ BİTRON BERETTA KIRMIZI;ДАТЧИК ПРОТОКА BITRON ДЛЯ BERETTA;BERETTA FLOW SWITCH;R1488;0;BERETTA Mynute
AS51Y;AKIŞ ŞALTERİ ARİSTON UNO VİESSMAN ORİJİNAL;ДАТЧИК ПРОТОКА ARISTON / VIESSMAN;ARISTON / VIESSMAN FLOW SWITCH;995948 / 7822762;MADE-IN-TURKEY;ARISTON UNO / VIESSMAN Vitopend, Vitodens 
AS60Y;AKIŞ ŞALTERİ+REED VİESMANN GEÇME;ДАТЧИК ПРОТОКА VIESMANN VITOPEND;VIESMANN VITOPEND FLOW SWITCH;7828287;MADE-IN-TURKEY;VIESSMANN Vitopend
AS01H;BUDERUS AKIŞ ŞALTERİ OKUYUCU;СЕНСОР ДАТЧИК ПРОТОКА BUDERUS;BUDERUS FLOW SWITCH SENSOR;8707406064 / 8707406052;HUADI;BUDERUS
AS01LBB;CALORA TÜRBİN OKUYUCU (BEYAZ);ДАТЧИК ХОЛЛА BAXI / WESTEN;TURBINE READER;335 0001 / 8435280 ;LDR;BAXI CNI, Eco, Energy, Initia, Luna, Max, Prime / WESTEN Pulsar, Star
AS01LSY;CALORA TÜRBİN OKUYUCU (SİYAH-YEŞİL);ДАТЧИК ХОЛЛА PROTHERM / ECA;TURBINE READER;335 0001 / 0020027652 / 65100540 / 300009832;LDR;TEPLOWEST / BONGIOANNI / PROTEUS /  DE DIETRICH WHE / PROTHERM Leoaprd, Tiger, Panther / ARISTON Microgenus 
AS02C;SÜSLER AKIŞ ŞALTER OKUYUCU;РЕЛЕ ПРОТОКА PROTHERM;FLOW SWITCH READER;0020027597 / 999075;FUGAS;PROTHERM Leopard, Panther / ARISTON Microgenus, Microcombi / ZOOM / SOLLY / RENS 
AS02L;TÜRBİN OKUYUCU (ECO5 LAMBERT FALKE);ДАТЧИК ХОЛЛА BAXI;BAXI TURBINE READER;710046200 / 710976600;LDR;BAXI DUO-TEC COMPACT, ECO Compact, ECO Home, ECO 4, ECO 5 COMPACT, Fourtech
AS04L;KARTLI TÜRBİN OKUYUCU ADEN;ДАТЧИК ХОЛЛА PROTHERM / DEMRAD (ШТЕКЕР ПОД ПЕЧАТНУЮ ПЛАТУ);TURBINE READER;0020118650 / 0189178;LDR;ZOOM / DEMRAD Kalisto Mono, Nitron, Aden, Nepto, Atron / PROTHERM LYNX, Jaguar, Gepard
AS04P3;KARTLI TÜRBİN OKUYUCU 3 PİN;ДАТЧИК ХОЛЛА DEMRAD SIME (ШТЕКЕР ПОД ТРЕХЖИЛЬНУЮ ВИЛКУ);TURBINE READER;AC13040001 / 6131440;LDR;DEMRAD / NOBEL / TERMAL M / ZOOM Master G20,  Expert / SIME Brava
AS05LB;TÜRBİN OKUYUCU (BEYAZ);ДАТЧИК ХОЛЛА BAXI / WESTEN БЕЛЫЙ;WHITE TURBINE READER ;8435280;LDR;BAXI CNI, Eco, Energy, Initia, Luna, Max, Prime / WESTEN Pulsar, Star
AS05LK;TÜRBİN OKUYUCU (KIRMIZI);ДАТЧИК ХОЛЛА BAXI / WESTEN КРАСНЫЙ;TURBINE READER;8435280;LDR;BAXI CNI, Eco, Energy, Initia, Luna, Max, Prime / WESTEN Pulsar, Star
AS06B;REED SENSÖR OKUYUCU ARİSTON EGİS;ДАТЧИК ХОЛЛА ДЛЯ ARISTON ;ARISTONE TURBINE READER;65104323;BITRON;ARISTON Clas, Egis, BS, Genus, Matis / CHAFFOTEAUX Alixia, Niagara, Talia
AS06L;REED SENSÖR OKUYUCU ARİSTON EGİS;ДАТЧИК ХОЛЛА  ДЛЯ ARISTON ;ARISTON TURBINE READER;65104323       ;LDR                                                                                     ;ARISTON Clas, Egis, BS, Genus, Matis / CHAFFOTEAUX Alixia, Niagara, Talia
AS08B;BOSCH BUDERUS AKIŞ TÜRBİN OKUYUCU (MAVİ DÜZ);ДАТЧИК ПРОТОКА ДЛЯ BOSCH / BUDERUS;BOSCH BUDERUS TURBINE READER;8718644578;BITRON;BOSCH GAZ / BUDERUS LOGAMAX
AS09B;BOSCH AKIŞ TÜRBİN OKUYUCU (MAVİ KANCA);ДАТЧИК ХОЛЛА ДЛЯ BOSCH/SIME;BOSCH TURBINE READER;6319601;BITRON;SIME Metropolis DGT
AT43K;AKIŞ TÜRBİNİ KABLOSU VAİLLANT PRO;ПРОВОД ДАТЧИКА ПРОТОКА ДЛЯ VAILLANT PRO;VAILLANT FLOW SWITCH CABLE;711933;MADE-IN-TURKEY;VAILLANT Atmomax Pro/Plus, Turbomax Pro/Plus
AT10C;AKIŞ TÜRBİNİ FERROLİ DOMİNA PİRİNÇ;ДАТЧИК ПРОТОКА FERROLI;FERROLI FLOW TURBINE;39804220 / 950.05.00.00;CALEFFI;FERROLI Domina / NOWELL ELITE / TERMET MiniMax Turbo, MiniMax Plus / LAMBORGHINI
AT12E;AKIŞ TÜRBİNİ FERROLİ DİVATOP;ДАТЧИК ПРОТОКА  FERROLI;FERROLI FLOW TURBINE;39820450 / 36402180;ELTEK ;FERROLI Divatop, Ecoconcept Tech
AT12L;AKIŞ TÜRBİNİ FERROLİ DİVATOP-NEW;ДАТЧИК ПРОТОКА ДЛЯ FERROLI DIVATOP-НОВЫЙ;FERROLI DIVATOP - NEW FLOW TURBINE;39820450 / 36402180;LDR;FERROLI Divatop, Ecoconcept Tech
AT20L;AKIŞ TÜRBİNİ CALORA PROTHERM;ДАТЧИК ПРОТОКА BAXI / PROTHERM;BAXI PROTHERM FLOW TURBINE;620340 / 0020035580 / QC.03.01.0018;LDR;BAXI Eco, Luna, MSL, Initia, Novamax / WESTEN Star / PROTHERM Leopard, Tiger, Panther / HAIER / MIZUDO
AT30B;ARİSTON AKIŞ TÜRBİNİ;ДАТЧИК ПРОТОКА ДЛЯ ARISTON;ARISTON FLOW TURBINE;65104317;BITRON;ARISTON Egis, Clas, Genus, BS, Matis, AS / CHAFFOTEAUX Alixia, Pigma, Talia, Niagara, Inoa 
AT30L;ARİSTON AKIŞ TÜRBİNİ;ДАТЧИК ПРОТОКА ДЛЯ ARISTON;ARISTON FLOW TURBINE ;65104317;LDR;ARISTON Egis, Clas, Genus, BS, Matis, AS / CHAFFOTEAUX Alixia, Pigma, Talia, Niagara, Inoa 
AT40L;AKIŞ TÜRBİNİ ADEN;ТУРБИНА ДАТЧИК ПРОТОКА VAILLANT / PROTHERM;VAILLANT PROTHERM FLOW TURBINE;0020123548 / 0020118662;LDR;VAILLANT Turbofit, Atmomax, Atmotec, Turbotec / PROTHERM LYNX, Jaguar, Gepard
AT41H;AKIŞ TÜRBİNİ HONEYWELL 3/4 PLASTİK (ŞOFBEN);ДАТЧИК ПРОТОКА HONEYWELL РЕЗЬБА 3/4 (ВОДОНАГРЕВАТЕЛЬ);HONEYWELL FLOW TURBINE;C7195B1001B;HONEYWELL;Подходит для:
AT42E;AKIŞ TÜRBİNİ FERROLİ (DEMİRDÖKÜM ŞOFBEN);ДАТЧИК ПРОТОКА FERROLI;FERROLI FLOW TURBINE;39836700 39846880 36402550 36402341;ELTEK;FERROLI  Divatop micro, Econcept
AT42L;AKIŞ TÜRBİNİ FERROLİ 1/2 DİŞLİ;ДАТЧИК ПРОТОКА FERROLI С РЕЗЬБОЙ 1/2;FERROLI FLOW TURBINE 1/2;39836700 39846880 36402550 36402341;LDR;FERROLI  Divatop micro, Econcept
AT43H;AKIŞ TÜRBİNİ MİLENİUM VAİLLANT PRO;ДАТЧИК ПРОТОКА VAILLANT;VAILLANT FLOW TURBINE;178988 / 0020014174 / 2000801910 / S5720200  ;HUADI;VAILLANT Atmotec Pro/ Plus, Turbotec pro/ Plus, Ecotec Pro / PROTHERM PANTHER, LEON, RYS / SAUNIER DUVAL Thema classic, Combitek, IsoMAX, IsoFAST, Semia
AT43T;TURBOTEC AKIŞ TÜRBİNİ TEL SEKMAN KLİPS;ФИКСИРУЮЩАЯ СКОБА (ЗАЖИМ) ДЛЯ ДАТЧИКА ПРОТОКА VAILLANT PROTHERM SAUNIER DUVAL;VAILLANT FLOW TURBINE CLIPS;VAILLANT VSC 219622;LDR;VAILLANT Atmomax Pro/Plus, Turbomax Pro/Plus Turbotec / PROTHERM Panther, Leon, Rys / SAUNIER DUVAL Themaclassic
AT44E;FERROLİ AKIŞ TÜRBİNİ (GEÇME PİRİNÇ);ДАТЧИК ПРОТОКА FERROLI;FERROLI FLOW TURBINE;39836700 39846880 36402550 36402341;ELTEK;FERROLI  Divatop micro, Econcept
AT44L;FERROLİ DİVATECH AKIŞ TÜRBİN (GEÇME PİRİNÇ);ДАТЧИК ПРОТОКА ДЛЯ FERROLI DIVATECH;FERROLI DIVATECH FLOW TURBINE;39836700 39846880 36402550 36402341;LDR;FERROLI  Divatop micro, Econcept
AT45H;AKIŞ TÜRBİNİ (4 KABLO SİGNAL);ДАТЧИК ПРОТОКА 4 ПРОВОДА;FLOW TURBINE (4 CABLE);SCG-2-S53-3;HUADI;Подходит для:
AT46H;AKIŞ TÜRBİNİ TERMODİNAMİK;ДАТЧИК ПРОТОКА ДЛЯ BOSCH JUNKERS;BOSCH JUNKERSFLOW TURBINE;SCG-1-S75 / 8717002132 / 87182234430 / 19928570;HUADI;BOSCH GAZ,  Condens /  JUNKERS EUROLINE EUROMAX EUROSTAR / BUDERUS Logamax
AT47H;AKIŞ TÜRBİNİ (DEMİRDÖKÜM ŞOFBEN 3 KABLO);ДАТЧИК ПРОТОКА (3 КАБЕЛЯ);FLOW TURBINE (3 CABLE);SCG-1-S83 / AB13050012 / AB13050012;HUADI;ELECTROLUX / BASIC
AT48H;AKIŞ TÜRBİNİ DİRSEKLİ;ДАТЧИК ПРОТОКА УГЛОВОЙ;L-TYPE FLOW TURBINE ;SCG-2-S54 ;HUADI;Подходит для: 
AT50H;AKIŞ TÜRBİNİ (PİRİNÇ GEÇME);Г-ОБРАЗНЫЙ ДАТЧИК ПРОТОКА ДЛЯ RODA;RODA FLOW TURBINE ;RODA SCG-1-T01 / 109906014193;HUADI;RODA JSD 20-T1
AT50L;VAİLLANT VUW AKIŞ TÜRBİNİ;ДАТЧИК ПРОТОКА VAILLANT VUW;VAILLANT VUW FLOW TURBINE;0020029604;LDR;Подходит для: Vaillant Atmomax Pro/Plus, Turbomax Pro/Plus
AT60H;BOSCH-BUDERUS LOGAMAX AKIŞ TÜRBİNİ (KISA);ДАТЧИК ПРОТОКА (КОРОТКИЙ) ДЛЯ BOSCH BUDERUS ;BOSCH BUDERUS FLOW TURBINE (SHORT);87182234430 / 19928570 / 8717002132;HUADI;BOSCH GAZ 4000, GAZ 7000 / JUNKERS Eurostar, Euromax, Ceraclass Excellence / BUDERUS Logamax
AT61H;BOSCH BUDERUS AKIŞ TÜRBİNİ (UZUN);ДАТЧИК ПРОТОКА (ДЛИННЫЙ) ДЛЯ BOSCH BUDERUS;BOSCH BUDERUS FLOW TURBINE (LONG);87182234430 19928570 8717002132;HUADI;BOSCH GAZ 4000, GAZ 7000 / JUNKERS Eurostar, Euromax, Ceraclass Excellence / BUDERUS Logamax
AT70B;BAXİ LAMBERT AKIŞ TÜRBİNİ (BEYAZ);ДАТЧИК ПРОТОКА BAXI WESTEN (БЕЛЫЙ);BAXI LAMBERT FLOW TURBINE (WHITE);710048100 6319633;BITRON;BAXI Eco Compact, Eco Home, Eco 5, Fourtech / SIME Metropolis DGT, Format DGT 
AT70L;BAXİ LAMBERT AKIŞ TÜRBİNİ (BEYAZ);ДАТЧИК ПРОТОКА BAXI WESTEN (БЕЛЫЙ);BAXI LAMBERT FLOW TURBINE (WHITE);710048100 / 6319633;LDR;BAXI Eco Compact, Eco Home, Eco 5, Fourtech / SIME Metropolis DGT, Format DGT 
AT72B;BOSCH BUDERUS BİASSİ AKIŞ TÜRBİNİ ;ДАТЧИК ПРОТОКА ДЛЯ BOSCH BUDERUS;BOSCH BUDERUS BIASSI FLOW TURBINE ;8718645683 ;BITRON;BOSCH GAZ 6000 W WBN6000 24C, BOSCH GAZ WBN2000-24C RN S5700 Buderus Logomax U072-24K
TT60L;FERROLİ TÜRBİN YATAĞI (PİRİNÇ);ДЕРЖАТЕЛЬ FERROLI OPTIMAX ДЛЯ ДАТЧИКА РАСХОДА (ЛАТУННЫЙ);FERROLI TURBINE SLOT (BRASS);39836710 / 39837170;LDR;FERROLI Optimax, Divatop Micro
AB01C;SU BASINÇ SONDASI GEÇME;РЕЛЕ ДАВЛЕНИЯ ВОДЫ FERROLI SIME  (ПОД СКОБУ);UNIVERSAL WATER PRESSRE SWITCH;6281576;CEME;SIME / FERROLI / DEMRAD / IMMERGAS / NEVA LUX 7218, 7224, 8224, 8624, 8230 / MASTAR GAZ 24, 24F 
AB01M;SU BASINÇ SONDASI GEÇME PLASTİK Ø11,70;РЕЛЕ ДАВЛЕНИЯ ВОДЫ NOVA FLORIDA (ПОД СКОБУ) Ø11,70;UNIVERSAL WATER PRESSURE SWITCH Ø11,70;6PRESSAC01 / XP605;MA-TER;FONDITAL Victoria Compact 24CTN, CTSF / NOVA FLORIDA Vela Compact 24 CTN, CTSF
AB02C;SU BASINÇ SONDASI DİŞLİ 1/4 PLASTİK;РЕЛЕ ДАВЛЕНИЯ ВОДЫ FERROLI 1/4  РЕЗЬБА ПЛАСТИК;UNIVERSAL WATER PRESSURE SWITCH;36401932 / 3.014379 / 36401930 / 39806180 ;CEME;FERROLI GN2 N, Force W, Pegasus, Quadrifoglio
AB02CP;SU BASINÇ SONDASI DİŞLİ 1/4 PİRİNÇ;РЕЛЕ ДАВЛЕНИЯ ВОДЫ 1/4 РЕЗЬБА ЛАТУНЬ;UNIVERSAL WATER PRESSURE SWITCH 1/4;36401932 3.014379 36401930 39806180 ;CEME;FERROLI GN2 N, Force W, Pegasus, Quadrifoglio
AB02H;SU BASINÇ SONDASI DİŞLİ 1/8 MİNİ PİRİNÇ;РЕЛЕ ДАВЛЕНИЯ ВОДЫ 1/8 МЕЛКАЯ РЕЗЬБА ЛАТУНЬ;UNIVERSAL WATER PRESSURE SWITCH 1/8;KSY-C04-01;0;ARDERIA, GAZLUXE, ELECTROLUX, BASIC, HI-TECH, BAXI, CHAFFOTEAUX
AB03H;SU BASINÇ SONDASI DİŞLİ 1/4 MİNİ;РЕЛЕ ДАВЛЕНИЯ ВОДЫ 1/4 РЕЗЬБА ПЛАСТИК ДЛЯ CHAFFOTEAUX;UNIVERSAL WATER PRESSURE SWITCH 1/4 MINI;KSY-C04-01 G1/4 ELEXIA 61003495;HUADI;CHAFFOTEAUX Maury / ELEXIA Comfort
AB04G;SU BASINÇ SONDASI DİŞLİ 1/4 ;РЕЛЕ ДАВЛЕНИЯ ВОДЫ С ПЕРЕКЛЮЧАТЕЛЕМ РЕЗЬБА 1/4 ;UNIVERSAL WATER PRESSURE SWITCH 1/4;COD-3 ASM P.SWITCH G1/4;GTE;Подходит для:
AB04H;SU BASINÇ SONDASI GEÇME;РЕЛЕ ДАВЛЕНИЯ ВОДЫ ДЛЯ CHAFFOTEAUX;CHAFFOTEAUX WATER PRESSURE SWITCH;KSY-C04-10 / 61310364;HUADI;CHAFFOTEAUX Maury / ELEXIA Comfort
AB06E;SU BASINÇ SONDASI GEÇME SWİCH;РЕЛЕ ДАВЛЕНИЯ ВОДЫ ДЛЯ ARISTON;ARISTON WATER PRESSURE SWITCH;65105090 / 32700018 / 32700018;BITRON;Подходит для: ARISTON
AB06H;SU BASINÇ SONDASI GEÇME SWİCH AİRFEL;РЕЛЕ ДАВЛЕНИЯ ВОДЫ ДЛЯ ARISTON IMMERGAS;UNIVERSAL WATER PRESSURE SWITCH;KSY-C04-11;HUADI;Подходит для: ARISTON IMMERGAS
AB06M;SU BASINÇ SONDASI GEÇME SWİCH AİRFEL;РЕЛЕ ДАВЛЕНИЯ ВОДЫ;UNIVERSAL WATER PRESSURE SWITCH;721384000 / 65105090 / 32700018;MA-TER;Подходит для:
AB07H;SU BASINÇ SONDASI DİŞLİ SWİCH AİRFEL;РЕЛЕ ДАВЛЕНИЯ ВОДЫ ДЛЯ FERROLI С ПЛАСТИКОВОЙ РЕЗЬБОЙ;UNIVERSAL WATER PRESSURE SWITCH;KSY-C12-06 / 1.017496 / 1.018320 / 1.021715;HUADI;Подходит для:
AB07M;SU BASINÇ SONDASI SWİCH DİŞLİ PİRİNÇ;РЕЛЕ ДАВЛЕНИЯ ВОДЫ ДЛЯ IMMERGAS С  ЛАТУННОЙ РЕЗЬБОЙ;UNIVERSAL WATER PRESSURE SWITCH;1.017496 / 1.018320 / 1.021715;MA-TER;Подходит для:
AB11M;SU BASINÇ SONDASI DİŞLİ 1/4 PLASTİK;РЕЛЕ ДАВЛЕНИЯ ВОДЫ C ПЛАСТИКОВОЙ РЕЗЬБОЙ  1/4 ;UNIVERSAL WATER PRESSURE SWITCH 1/4 ;995903 / 9951690 / 39806180 / 49003163;MA-TER;ARISTON / BAXI / FERROLI / HERMANN / WESTEN Novadens Boyler, Pulsar, Quasar, Star Digit
AB12H;SU BASINÇ SONDASI DİŞLİ 1/4 PLASTİK;РЕЛЕ ДАВЛЕНИЯ ВОДЫ C ПЛАСТИКОВОЙ РЕЗЬБОЙ  1/4;UNIVERSAL WATER PRESSURE SWITCH 1/4;KSY-C12-08 / 9951690 / 995903 / 39806180 / 49003163;HUADI;ARISTON / BAXI / FERROLI / HERMANN / WESTEN Novadens Boyler, Pulsar, Quasar, Star Digit
AB12M;SU BASINÇ SONDASI DİŞİLİ 1/4 PİRİNÇ;РЕЛЕ ДАВЛЕНИЯ ВОДЫ С ЛАТУННОЙ РЕЗЬБОЙ 1/4;UNIVERSAL WATER PRESSURE SWITCH;995903 / 9951690 / 39806180 / 49003163;HUADI;ARISTON / BAXI / FERROLI / HERMANN / WESTEN Novadens Boyler, Pulsar, Quasar, Star Digit
AB13M;SU BASINÇ SONDASI 1/8 İNCE DİŞ PİRİNÇ;РЕЛЕ ДАВЛЕНИЯ ВОДЫ С ЛАТУННОЙ РЕЗЬБОЙ 1/8;UNIVERSAL WATER PRESSURE SWITCH 1/8;XP 600 XP75AE62.004 / 6PRESSAC00;MA-TER;FONDITAL Aries, Flores, Nias, Tahiti / NOVA FLORIDA Libra, Pictor
AB20B;SU BASINÇ SONDASI 2 Lİ SWİCH Lİ;РЕЛЕ ДАВЛЕНИЯ ВОДЫ ДЛЯ BAXI WESTEN;BAXI WESTERN WATER PRESSURE SWITCH;721384000 / 710048500;BITRON;BAXI Eco, Fourtech, Luna ST, MS, Nuvola3 / WESTEN Pulsar
ABT02;BAXİ ARİSTON EGİS TRANSDUCER ;РЕЛЕ ДАВЛЕНИЯ ВОДЫ ДЛЯ BAXI ARISTON;BAXI ARISTON WATER PRESSURE SENSOR;65104321 / S100821 / 710109100;BITRON;ARISTON Genus, Class /  DE DIETRICH MCA, AMC, Evodens, Naneo / BAXI Duo-Tec, Luna Duo-Tec, Nuvola Duo-Tec
ABT03;TRANSDUCER FERROLİ ECONCEPT (MAVİ);РЕЛЕ ДАВЛЕНИЯ ВОДЫ ДЛЯ FERROLI ;FERROLI WATER PRESSURE SENSOR;39809470 / 300000831 / 505.91542;HUBA-CONTROL;FERROLI Divatop, Econcept, New Elite / DE DIETRICH
ABT04;TRANSDUCER FERROLİ DİVATOP NEW;РЕЛЕ  ДАВЛЕНИЯ ВОДЫ ДЛЯ FERROLI DIVATOP ;FERROLI DIVATOP WATER PRESSURE SENSOR;505.91512    ;HUBA-CONTROL;FERROLI Divatop
ABT05;TRANSDUCER BERETTA;РЕЛЕ ДАВЛЕНИЯ ВОДЫ ДЛЯ BERETTA;BERETTA WATER PRESSURE SENSOR;R10028142 / R10027132;HUBA-CONTROL;BERETTA Exclusive, Exclusive Mix
ABT06;TRANSDUCER ALARKO ATAQ VİNTO (YEŞİL);УНИВЕРСАЛЬНЫЙ ДАТЧИК ДАВЛЕНИЯ (ЗЕЛЕНЫЙ);UNIVERSAL WATER PRESSURE SENSOR;39809470 / 505.91542;HUBA-CONTROL;Подходит для:
ABT07;TRANSDUCER ECA (GEÇME);РЕЛЕ ДАВЛЕНИЯ ВОДЫ ДЛЯ ECA (ПОД СКОБУ);UNIVERSAL WATER PRESSURE SENSOR;CEME 5240 AA03  / 3003200037;CEME;DEMRAD Atron, Nitromix, Neva
ABT08;FERROLİ TRANSDUCER DİŞLİ 1/4;РЕЛЕ ДАВЛЕНИЯ ВОДЫ ДЛЯ FERROLI С РЕЗЬБОЙ 1/4;WATER PRESSURE SENSOR 1/4;CEME 5220 AA04 / 39826680 / 36402251 / 273.214.701;CEME;FERROLI Pegasus, Atlas
ABT09;TRANSDUCER GEÇME DEMİRDÖKÜM - PROTHERM;РЕЛЕ ДАВЛЕНИЯ ВОДЫ ДЛЯ PROTHERM ПОД (СКОБУ);PROTHERM WATER PRESSURE SENSOR;0020014190;HUADI;PROTHERM SAUNIER DUVAL BONGIOANNI
ABT10;TRANSDUCER GEÇME (0,5...2,5V);РЕЛЕ ДАВЛЕНИЯ ВОДЫ ДЛЯ FERROLI (ПОД СКОБУ);UNIVERSAL WATER PRESSURE SENSOR ;39818770;GTE;FERROLI Divatop, Divatop Micro
ABT11;TRANSDUCER DİŞLİ (0,5...2,5V) 1/4;РЕЛЕ ДАВЛЕНИЯ ВОДЫ ДЛЯ TERMET С РЕЗЬБОЙ 1/4;UNIVERSAL WATER PRESSURE SENSOR 1/4;900.08.00.00 / 340.08.00.00;GTE;TERMET Mini Max, Mini Max Plus
ABT14H;TRANSDUCER DİŞLİ 1/4 DEMİRDÖKÜM - PROTHERM;РЕЛЕ ДАВЛЕНИЯ ВОДЫ С РЕЗЬБОЙ 1/4;UNIVERSAL WATER PRESSURE SENSOR 1/4;HUADI HDYL-400B-S-02;HUADI;Подходит для:
ABT19;TRANSDUCER GEÇME+DİŞLİ UNIVERSAL;РЕЛЕ ДАВЛЕНИЯ ВОДЫ CEME УНИВЕРСАЛ (СКОБА + РЕЗЬБА);UNIVERSAL WATER PRESSURE SENSOR ;5240AA03;CEME;Подходит для:
ABT20G;VİESSMAN VİTOPEND AKIŞ ŞALTERİ ;РЕЛЕ ДАВЛЕНИЯ ВОДЫ VIESSMAN VITOPEND;VIESSMAN VITOPEND WATER PRESSURE SENSOR;7828749 / 274520099;GRUNDFOS;VIESSMAN Vitopend Vitodens / WOLF CGG, CGU
ABT22M;BAYKAN TRANSDUCER 1/4 PİRİNÇ DİŞLİ ;РЕЛЕ ДАВЛЕНИЯ ВОДЫ РЕЗЬБА 1/4 ЛАТУНЬ;UNIVERSAL WATER PRESSURE SENSOR 1/4;0;MA-TER;Подходит для: BAXI
ABT29;TRANSDUCER GEÇME+DİŞLİ ADAPTÖR (2,5V);РЕЛЕ ДАВЛЕНИЯ ВОДЫ УНИВЕРСАЛ (СКОБА+РЕЗЬБА);UNIVERSAL WATER PRESSURE SENSOR;0;GTE;Подходит для:
ABT35;TRANSDUCER DİŞLİ 1/4 (0,5...3,5V);ДАТЧИК ДАВЛЕНИЯ РЕЗЬБА 1/4;WATER PRESSURE SENSOR 1/4;0;GTE;Подходит для:
ABT36;TRANSDUCER GEÇME (0,5...3,5V);УНИВЕРСАЛЬНЫЙ ДАТЧИК ДАВЛЕНИЯ;UNIVERSAL WATER PRESSURE SENSOR;0;GTE;Подходит для:
ABT44D;BOSCH TRANSDUCER DİŞLİ;РЕЛЕ ДАВЛЕНИЯ ВОДЫ ДЛЯ BOSCH JUNKERS С РЕЗЬБОЙ;BOSCH JUNKERS WATER PRESSURE SENSOR;87168351560;MARQUARDT;DEMRAD Nepto / BOSCH / JUNKERS
ABT44HC;VAİLLANT PROTHERM TRANSDUCER GEÇME;РЕЛЕ ДАВЛЕНИЯ ВОДЫ ДЛЯ VAILLANT PROTHERM;VAILLANT PROTHERM WATER PRESSURE SENSOR;0020023216 / S57205 / 0020016532;HUBA-CONTROL;PROTHERM Panther, Leopard, Gepard, Rys, Jaguar, Tiger /  SAUNIER DUVAL /BONGIOANNI / VAILLANT 
ABT44M;MİLENİUM PLUS TRANSDUCER ORİJİNAL;РЕЛЕ ДАВЛЕНИЯ ВОДЫ ДЛЯ PROTHERM VAILLANT;PROTHERM VAILLANT WATER PRESSURE SENSOR;0020023216 / 0020016532 / S57205 / 0020059717 / 0020036671 / 0020123528 / 7826025 / 30631300500401;MARQUARDT;SAUNIER DUVAL Thermaclassic, Isofast, Isotvin, Thermacodens, Combitek, Isomax/ VIESSMAN Vitodens / TIBERIS Cube / VAILLANT Turbotec, Atmotec, Ecotec, Turbofit / PROTHERM Panther, Leopard, Gepard, Rys, Jaguar, Tiger, Bear, Scat
DM01R;DOLDURMA MUSLUĞU MAİN HARMONY;КРАН ПОДПИТКИ ДЛЯ BAXI MAIN;MAIN HARMONY FILLING VALVE;5667980;0;BAXI Main, Main Digit, Energy Easy , Initia Master/ WESTEN Quasar, Quasar Plus , Tekna Project WTC
DM02W;DOLDURMA MUSLUĞU WESTERN DİGİTAL;КРАН ПОДПИТКИ ДЛЯ BAXI Main Four;BAXI WESTERN FILLING VALVE;710224400;0;BAXI MAIN FOUR 18, MAIN FOUR 24, MAIN FOUR 240 F
DM03L;DOLDURMA MUSLUĞU VAİLLANT İNGİLTERE;КРАН ПОДПИТКИ VAILLANT;VAILLANT UK FILLING VALVE;0;0;VAILLANT
DM05L;DOLDURMA MUSLUĞU NEVA ATRON AİRFEL;КРАН ПОДПИТКИ DEMRAD PROTHERM ;PROTHERM FILLING VALVE;3003202561 / 7020690002 / 0020118758 / 0020133501;0;DEMRAD Neva, Atron, Nitron / PROTHERM Lynx / KENTATSU
DM07K;DOLDURMA MUSLUĞU FERROLİ DOMİCOMPACT (KISA);КРАН ПОДПИТКИ FERROLI (КОРОТКИЙ) ;FERROLI DOMICOMPACT FILLING VALVE (SHORT);36902150 / 39819560 / 36902140;0;FERROLI Domiproject, Domina, Domitech, Domicompact
DM07Y;DOLDURMA MUSLUĞU FERROLİ DOMİCOMPACT (UZUN);КРАН ПОДПИТКИ FERROLI (ДЛИННЫЙ);FERROLI DOMICOMPACT FILLING VALVE (LONG);39818280 / 36902150;0;FERROLI Domicondens, Domina, Domiproject, Domitech, EasyTech, FerEas, FerellaZip, Domicompact
DM08Y;DOLDURMA MUSLUĞU İMMERGAS MAİOR 32 kW;КРАН ПОДПИТКИ IMMERGAS MAIOR 32 kW;IMMERGAS MAIOR 32 kW FILLING VALVE;3.015075 / 3.019630;0;Immergas Maior 32 kW
DM09Y;DOLDURMA MUSLUĞU İMMERGAZ MAİOR 24 kW;КРАН ПОДПИТКИ ДЛЯ IMMERGAS MAIOR 24 kW;IMMERGAS MAIOR 24 kW FILLING VALVE;3.015075 / 3.019630;0;Immergas Maior 24 kW
DM10L;DOLDURMA MUSLUĞU ADEN KALISTO BAYKAN;КРАН ПОДПИТКИ DEMRAD ;DEMRAD FILLING VALVE;3003200605;0;DEMRAD Kalisto Bitermic, Nitron, Kalisto Monotermic
DM10YP;DOLDURMA MUSLUĞU PLASTİK BAŞLIK ADEN;РУЧКА КРАНА ПОДПИТКИ HERMANN FODNITAL IMMERGAS DEMRAD TERMET;UNIVERSAL FILLING VALVE HANDLE;0189202;0;HERMANN / FONDITAL / IMMERGAS / DEMRAD / TERMET
DM11L;DOLDURMA MUSLUĞU VİESMANN VİTOPEND 100;КРАН ПОДПИТКИ VIESMANN VITOPEND 100;VIESMANN VITOPEND 100 FILLING VALVE;0189134;0;VIESMANN VITOPEND 100
DM12L;DOLDURMA MUSLUĞU VİESMANN VİTODENS;КРАН ПОДПИТКИ VIESMANN VITOPEND VITODENS;VITOPEND VITODENS FILLING VALVE;0189123 / 7825984;0;VIESMANN Vitopend, Vitodens
DM13L;DOLDURMA MUSLUĞU BUDERUS DELTA 3 ORİNG;КРАН ПОДПИТКИ BOSCH JUNKERS Euroline;BOSCH JUNKERS FILLING VALVE;8707405194;0;JUNKERS / BOSCH Euroline 
DM14L;DOLDURMA MUSLUĞU BOSCH SMİLE 2 ORİNG;КРАН ПОДПИТКИ BOSCH JUNKERS Euroline ;BOSCH JUNKERS FILLING VALVE;8707405230;0;JUNKERS Appliance, Euroline, Ceraclass / BOSCH GAZ 3000 W
DM15L;DOLDURMA MUSLUĞU ARİSTON TX MİCROTECH;КРАН ПОДПИТКИ ДЛЯ ARISTON UNO;ARISTON FILLING VALVE;996071 / 0189097;0;ARISTON UNO, T2, TX, Microtec
DM16L;DOLDURMA MUSLUĞ İMMERGASS GEÇME YENİ TİP;КРАН ПОДПИТКИ IMMERGAS ПОД СКОБУ;IMMERGAS FILLING VALVE;3.022615 / 3.018806;0;IMMERGAS Eolo, Nike, Mini, Victrix, Maior
DM17L;DOLDU MUS MICRA İMMERGAS BAYMAK MAVİ ORG;КРАН ПОДПИТКИ HERMANN;HERMANN FILLING VALVE;13002578;0;HERMANN Habitat, Habitat 2, Micra 2, SuperMaster, SuperMicra 
DM18K;DOLDUR MUSLUĞU BAXİ LUNA KIRMIZI (UZUN);КРАН ПОДПИТКИ BAXI WESTEN (ДЛИННЫЙ) ;BAXI WESTEN FILLING VALVE;611930 / 0020119802;0;BAXI Eco 3 / WESTEN Pulsar
DM18L;DOLDURMA MUSLUĞU LUNA CALORA KALIN DİŞ;КРАН ПОДПИТКИ BAXI ARISTON FONDITAL;UNIVERSAL FILLING VALVE;5630180 / 65100542 / R6861;0;BAXI/ PROTHERM / ARISTON / BERETTA / FONDITAL / NOVA FLORIDA /
DM19L;DOLDURMA MUSLUĞU ALARKO SÜSLER İNCE DİŞ;КРАН ПОДПИТКИ ДЛЯ ALARKO SUSLER РЕЗЬБА;UNIVERSAL FILLING VALVE;5630180 / 6RUBICAR06 / 6RUBICAR07;0;NOVA FLORIDA / BAXI/ PROTHERM 
DM20L;DOLDURMA MUSLUĞU İMMERGAS MİNİ;КРАН ПОДПИТКИ IMMERGAS SIME NOBEL;IMMERGAS FILLING VALVE;1.015093 / 6218610 / 0189023;0;IMMERGAS Mini / NOBEL NB / SIME 
DM21L;DOLDURMA MUSLUĞU VİESSMANN VİTOPEND YENİ;КРАН ПОДПИТКИ VIESSMANN VITOPEND;VIESSMANN VITOPEND FILLING VALVE;7839749;0;VIESSMAN Vitopend 100
DM21YP;VİESSMAN VİTOPEND DOLDURMA MUSLUĞUN PLASTİK ÇUBUĞU;ПЛАСТИКОВЫЙ КЛЮЧ КРАНА ПОДПИТКИ  VIESSMAN VITOPEND;VIESSMAN VITOPEND FILLING VALVE HANDLE;7839749;0;VIESSMAN Vitopend 100
DM22L;FERROLİ DOLDURMA MUSLUĞU;КРАН ПОДПИТКИ FERROLI;FERROLI FILLING VALVE;189124 / 39808630;0;FERROLI Domicompact, Domina, Domitop
DM23D;DOLDURMA MUSLUĞU EGIS BAYMAK AIRFEL;КРАН ПОДПИТКИ ARISTON BAXI;UNIVERSAL FILLING VALVE;65114261 / 65104324 / 766947000 / 710046600 / 768777500;0;ARISTON Egis, Clas, Genus / CHAFFOTEAUX Alixia, Talia, Pigma /  BAXI Duo-Tec, Eco, Fourtech, Luna, MS, Nuvola / WESTEN Pulsar, Star
DM23I;DOLDURMA MUSLUĞU BERETTA ARÇELİK RİELLO;КРАН ПОДПИТКИ ДЛЯ BERETTA CIAO;BERETTA RIELLO FILLING VALVE;R10025060 / 20035649;0;BERETTA Ciao, City, Ciao J-D, City J-D, Exclusive
DM23L;DOLDURMA MUSLUĞU BAYMAK ARİSTON;КРАН ПОДПИТКИ ARISTON BAXI;UNIVERSAL FILLING VALVE;65104324 / 65114261 / 766947000 / 710046600 / 768777500 / 65104324;0;ARISTON Egis, Clas, As, BS, Matis / BAXI Duo-Tec, Eco, Fourtech, Luna, MS, Nuvola / CHAFFOTEAUX Talia, Pigma, Alixia / WESTEN Pulsar, Star
DM25L;DOLDURMA MUSLUĞU MİLLENİUM;КРАН ПОДПИТКИ PROTHERM SAUNIER DUVAL;PROTHERM SAUNIER DUVAL FILLING VALVE;0020034962 / S1007000;0;PROTHERM Rys, Panther, Leon, Gepard / SAUNIER DUVAL
DM27B;DOLDURMA MUSLUĞU BAŞLIK ANAHTAR VUW (ZAMAK);РУЧКА КРАНА ПОДПИТКИ VAILLANT (ЛАТУНЬ);VAILLANT FILLING VALVE HANDLE (BRASS);125151;0;VAILLANT AtmoMAX, TurboMAX,TuroMAX Pro/ Plus 
DM27L;DOLDURMA MUSLUĞU VAİLLANT VUW TURBOTEC;КРАН ПОДПИТКИ VAILLANT;VAILLANT PROTHERM FILLING VALVE;0020265137 / 0020018065 / 0020038130 / 0189198;0;VAILLANT Atmotec, Turbotec, Turbomax, Atmomax, Mini/ PROTHERM Leon, Panther
DM27LP;VAILLANT DOLDURMA MUSLUK BAŞLIĞI;РУЧКА КРАНА ПОДПИТКИ VAILLANT;VAILLANT FILLING VALVE HANDLE ;0020265137 / 0020018065 / 0020038130 / 0189198 / 014674 ;0;VAILLANT Atmotec, Turbotec, Turbomax, Atmomax, Mini/ PROTHERM Leon, Panther
DM27LPL;DOLDURMA MUSLUĞU VAİLLANT VUW TURBOTEC PLASTİK;КРАН ПОДПИТКИ VAILLANT ПЛАСТИКОВЫЙ;VAILLANT PLASTIC FILLING VALVE;0020265137 / 0020018065 / 0020038130 / 0189198;0;VAILLANT Atmotec, Turbotec, Turbomax, Atmomax, Mini/ PROTHERM Leon, Panther
DM28L;DOLDURMA MUSLUĞU VAİLANT VCK;КРАН ПОДПИТКИ VAILANT VCK;VAILANT VCK FILLING VALVE;0020265137 / 0020018065 / 0020038130 / 0189198;0;VAILLANT Atmotec, Turbotec, Turbomax, Atmomax, Mini/ PROTHERM Leon, Panther
DM29L;DOLDURMA MUSLUĞU BOSCH SMART BUDERUS GEÇME;КРАН ПОДПИТКИ BOSCH BUDERUS LOGAMAX;BOSCH BUDERUS LOGAMAX FILLING VALVE;19928637;0;BOSCH GAZ 7000W, 4000W / BUDERUS Logamax
DM29LP;DOLDURMA MUSLUĞU BOSCH GEÇME PLASTİK;КРАН ПОДПИТКИ BOSCH JUNKERS BUDERUS (ПЛАСТИКОВЫЙ);BOSCH JUNKERS PLASTIC FILLING VALVE;8716012720;0;BOSCH GAZ 4000W, GAZ 7000W, Condens 7000I W / BUDERUS Logamax, Logamax PLUS 
DM30D;DOLDURMA MUSLUĞU PLASTİK KISA BOSCH MAVİ;КРАН ПОДПИТКИ BOSCH GAZ 6000 BUDERUS LOGAMAX (ПЛАСТИКОВЫЙ С РУЧКОЙ);BOSCH LOGAMAX PLASTIC FILLING VALVE;87186445920;0;BOSCH GAZ 6000W, GAZ 2000W, GAZ CONDENS 2500W / BUDERUS LOGAMAX U072, LOGAMAX PLUS GB062
DM30L;DOLDURMA MUSLUĞU BOSCH PİRİNÇ DİŞLİ;КРАН ПОДПИТКИ JUNKERS EUROSMART;JUNKERS EUROSMART FILLING VALVE;87161480720;0;BOSCH / JUNKERS EUROSMART ZWA 24-1 A/K 23 
DM31L;DOLDURMA MUSLUĞU UNİKAL;КРАН ПОДПИТКИ IMMERGAS ;IMMERGAS FILLING VALVE;3.018806 / 3.016700 / 3.017171;0;IMMERGAS Star, Mini, Eolo, Nike
DM36L;DOLDURMA MUSLUĞU MAKTEK;КРАН ПОДПИТКИ ДЛЯ MAKTEK;MAKTEK FILLING VALVE;0;0;MAKTEK
DM37L;DOLDURMA MUSLUĞU ARİSTON ARTEAS CERAS;КРАН ПОДПИТКИ ARISTON CHAFFOTEAUX ;ARISTON CHAFFOTEAUX FILLING VALVE;65114925;0;ARISTON Cares, Alteas, Alixia Ultra, Clas X, Clas ONE, Genus X, Genus ONE, HS-X / CHAFFOTEAUX Pigma, Ultra
DM50C;DOLDURMA MUSLUĞU FERROLİ OTOMATİK;КРАН ПОДПИТКИ АВТОМАТИЧЕСКИЙ С СЕРВОПРИВОДОМ FERROLI ;FERROLI AUTOMATIC FILLING VALVE;39809780 / 36900420;BITRON;FERROLI New Elite, Divatop, Econcept
DM51C;DOLDURMA MUSLUĞU OTOMATİK ARİSTON;КРАН ПОДПИТКИ АВТОМАТИЧЕСКИЙ ЭЛЕКТРОМАГНИТНЫЙ ARISTON GENUS;ARISTON GENUS AUTOMATIC FILLING VALVE;65104669;0;ARISTON Genus, Genus Premium
DM52B;DOLDURMA MUSLUĞU OTOMATİK BERETTA;УЗЕЛ КРАНА ПОДПИТКИ BITRON ДЛЯ BERETTA CIAO;BERETTA CIAO AUTOMATIC FILLING VALVE;20000532;BITRON;BERETTA
DM60L;DOLDURMA MUSLUĞU BİASSİ 13.30 MM İNCE;КРАН ПОДПИТКИ BIASSI DELTA ДИАМЕТР 13.30 MM;BIASSI DELTA FILLING VALVE 13.30 MM;BI1181503;0;BIASI Delta
DM61L;DOLDURMA MUSLUĞU BİASSİ 14.50 MM KALIN;КРАН ПОДПИТКИ BIASSI INOVIA RINNOVA ДИАМЕТР 14.50 MM;BIASSI INNOVA RINNOVA FILLING VALVE 14.50 MM;BI1441108 ;0;BIASI Inovia, Rinnova
DM62L;DOLDURMA MUSLUĞU AZ ROCK 11.90 MM İNCE DİŞ;КРАН ПОДПИТКИ HERMANN  ;HERMANN FILLING VALVE;13002578 / 803000002;0;HERMANN Micra, Habitat, Habitat 2, Micra 2, Master, SuperMaster, SuperMicra / TIBERIS Atlas, Oberon, Triton / ITALTHERM City Class
DM65L;DOLDURMA MUSLUĞU TERMET KISA;КРАН ПОДПИТКИ TERMET КОРОТКИЙ;TERMET FILLING VALVE (SHORT);Z1490.01.02.40;0;TERMET Ecocondens, Windsor, MiniMax
DM66L;DOLDURMA MUSLUĞU TERMET UZUN;КРАН ПОДПИТКИ TERMET ДЛИННЫЙ;TERMET FILLIG VALVE (LONG);Z1490.01.02.41;0;TERMET Ecocondens, Windsor, MiniMax 
DM67L;DOLDURMA MUSLUĞU AİRFEL;КРАН ПОДПИТКИ AIRFELL ;AIRFELL FILLING VALVE;7020680011;0;AIRFELL Integrity, Digifell, Premix, DAIKIN
DM70L;DOLDURMA MUSLUĞU FONDİTAL 30 MM KANALLI;КРАН ПОДПИТКИ FONDITAL NOVA FLORIDA;FONDITAL NOVA FLORIDA FILLING VALVE;6RUBICAR08;0;FONDITAL Minorca, Antea, Maiorca / NOVA FLORIDA Nibir
DM99C;BAXİ BOŞALTMA MUSLUĞU;КРАН СЛИВА BAXI WESTEN;BAXI WESTEN DRAIN VALVE;5652030;0;BAXI Eco, Eco 3, Eco Four, Luna, Main Four, Main Digit, Main, Nuvola / WESTEN Pulsar, Quasar, Star Condens
